-- phpMyAdmin SQL Dump
-- version 4.9.0.1
-- https://www.phpmyadmin.net/
--
-- Host: 127.0.0.1
-- Generation Time: Jan 27, 2022 at 01:04 PM
-- Server version: 10.3.16-MariaDB
-- PHP Version: 7.3.7

SET SQL_MODE = "NO_AUTO_VALUE_ON_ZERO";
SET AUTOCOMMIT = 0;
START TRANSACTION;
SET time_zone = "+00:00";


/*!40101 SET @OLD_CHARACTER_SET_CLIENT=@@CHARACTER_SET_CLIENT */;
/*!40101 SET @OLD_CHARACTER_SET_RESULTS=@@CHARACTER_SET_RESULTS */;
/*!40101 SET @OLD_COLLATION_CONNECTION=@@COLLATION_CONNECTION */;
/*!40101 SET NAMES utf8mb4 */;

--
-- Database: `friday2`
--

-- --------------------------------------------------------

--
-- Table structure for table `menu`
--

CREATE TABLE `menu` (
  `menu_id` int(11) NOT NULL,
  `menu_name` varchar(50) NOT NULL,
  `restaurant_id` int(2) NOT NULL,
  `menu_price` int(11) NOT NULL,
  `menu_category` varchar(30) NOT NULL,
  `menu_detail` varchar(300) NOT NULL,
  `menu_picture` varchar(40) NOT NULL
) ENGINE=InnoDB DEFAULT CHARSET=utf8;

--
-- Dumping data for table `menu`
--

INSERT INTO `menu` (`menu_id`, `menu_name`, `restaurant_id`, `menu_price`, `menu_category`, `menu_detail`, `menu_picture`) VALUES
(1, 'กาแฟเย็น', 1, 17, 'เครื่องดื่ม', 'delicious', 'aeafa1547808b6540cdc025bea09de4d'),
(2, 'เก๊กฮวย', 1, 17, 'เครื่องดื่ม', 'delicious', '7ac99080b4d78f44984c9fbf0b0d5324'),
(3, 'โกโก้ไข่มุก', 1, 20, 'เครื่องดื่ม', 'delicious', 'c7157b77b6f20731b368ff74b0958df3'),
(4, 'เครื่องดื่มแช่เย็น 16 ออนซ์ ', 1, 15, 'ข้าว', 'delicious', '7d0e635fba728a7e828ab2ccfcce7c7f'),
(5, 'เครื่องดื่มแช่เย็น 22 ออนซ์ ', 1, 17, 'ข้าว', 'delicious', 'a8591182e692b9c68f99456a71f750f2'),
(6, 'ชานมโกโก้ไข่มุก', 1, 20, 'เครื่องดื่ม', 'delicious', 'c0a115f15ec4ec0f913615a7a121521a'),
(7, 'ชานมไข่มุก ', 1, 20, 'เครื่องดื่ม', '', 'a3d7c8a27f20615bff7cb7a75275a7e5'),
(8, 'ชาเย็น', 1, 17, 'ข้าว', '', '276b01e0006ca063ab75fa0f52639711'),
(9, 'ชาเย็นไข่มุก', 1, 20, 'เครื่องดื่ม', '', ''),
(10, 'น้ำเปล่า', 1, 7, 'เครื่องดื่ม', '', ''),
(11, 'น้ำผลไม้ปั่นเกล็ดหิมะ ส้ม ลิ้นจี่ ฝรั่ง', 1, 20, 'เครื่องดื่ม', '', ''),
(12, 'น้ำส้มคั้น ', 1, 17, 'เครื่องดื่ม', '', ''),
(13, 'สตรอว์เบอร์รี่ปั่นโยเกิร์ต ', 1, 20, 'เครื่องดื่ม', '', ''),
(14, 'โอเลี้ยง ', 1, 17, 'เครื่องดื่ม', '', '44cf7a150df8d5567f785f6dbe44b8b7'),
(15, 'ข้าวไข่เจียว', 2, 30, 'ข้าว', '', 'a184a35840c65ea9ac6150b8bdaa2a42'),
(16, 'เมนูของทอด', 2, 30, 'ของทอด', '', '5b4718cb1066ad6313782df4dc697db0'),
(17, 'ข้าวแกงกะหรี่', 2, 40, 'ข้าว', '', '04300fc89b65bfdbda871d51cfabd054'),
(18, 'ข้าวไก่กรอบเขียวหวาน', 2, 35, 'ข้าว', '', '7e86eb2d3af57e781d458736361634fa'),
(19, 'ข้าวไก่กรอบพะแนง', 2, 35, 'ข้าว', '', 'e83ffaff0b7ccb0a9c6c8fe297e9150b'),
(20, 'ข้าวไก่ทอด', 2, 30, 'ข้าว', '', 'bae9e3d64b311fcca7df159a37b406e8'),
(21, 'ข้าวไก่ย่าง', 2, 30, 'ข้าว', '', '24dfa560a567be03aad089f0ff44cb1f'),
(22, 'ข้าวไข่ข้น', 2, 30, 'ข้าว', '', 'bbe34347acb3f2c1600f26c3043556b3'),
(23, 'ข้าวไข่ขยี้', 2, 30, 'ข้าว', '', '89a997f48bf62016e3773b8df91292a1'),
(24, 'ข้าวคัตสึด้ง ไข่ข้นราดไข่', 2, 35, 'ข้าว', '', '5a71aa7312af9fd1cd1a8bddec9f0780'),
(25, 'ข้าวยำพริกสด ', 2, 35, 'ข้าว', '', 'f583b114713b42cff54cabbde7e4244b'),
(26, 'ข้าวยำพริกแห้ง', 2, 35, 'ข้าว', '', '1cd868bd14a280bf29a8fbc027a7ce62'),
(27, 'ข้าวหน้ามัสมั่นไก่', 2, 35, 'ข้าว', '', '64dedcbc8deabc62607c70b19f4bcab3'),
(28, 'ข้าวหมูญี่ปุ่น', 2, 35, 'ข้าว', '', '6f3574ae10f520915f2483b38375a4f5'),
(29, 'ข้าวหมูอบพริกไทยดำ', 2, 35, 'ข้าว', '', '94f707f70fbd69535d1559998eb631e7'),
(30, 'ข้าวอบวุ้นเส้น แฮม เบค่อน ไส้กรอก', 2, 40, 'ข้าว', '', 'f9f1972a5729ff7003114cd4c35edff9'),
(31, 'ไข่กระทะ', 2, 35, 'ข้าว', '', '294d92ff2acf64813cd569560b376955'),
(32, 'ก๋วยเตี๋ยวไก่ตุ๋น', 3, 30, 'ข้าว', '', ''),
(33, 'ก๋วยเตี๋ยวต้มยำทรงเครื่อง ', 3, 40, 'เส้น', '', ''),
(34, 'ก๋วยเตี๋ยวหมูตุ๋น/ไก่ตุ๋น ', 3, 30, 'ข้าว', '', ''),
(35, 'ก๋วยเตี๋ยวหมูน้ำตก ', 3, 30, 'เส้น', '', ''),
(36, 'เกี๊ยวหมูแดง/หมูกรอบ ', 3, 35, 'เส้น', '', ''),
(37, 'ข้าวต้มปลา/หมู ', 3, 30, 'อื่นๆ', '', ''),
(38, 'ข้าวหมูแดง/หมูกรอบ ', 3, 35, 'ข้าว', '', ''),
(39, 'ต้มเลือดหมู', 3, 30, 'ต้ม', '', ''),
(40, 'ทะเลทรงเครื่อง ', 3, 40, 'อื่นๆ', '', ''),
(41, 'ยำปลา ', 3, 30, 'อื่นๆ', '', ''),
(42, 'เย็นตาโฟ', 3, 30, 'เส้น', '', ''),
(43, 'หมูมะนาว ', 3, 30, 'อื่นๆ', '', ''),
(44, 'ข้าวไก่อบ ', 4, 30, 'ข้าว', '', ''),
(45, 'ข้าวผัด ', 4, 30, 'ข้าว', '', ''),
(46, 'ข้าวผัดอเมริกัน ', 4, 40, 'ข้าว', '', ''),
(47, 'ข้าวหมูกระเทียม ', 4, 30, 'ข้าว', '', ''),
(48, 'คั่วไก่ ', 4, 30, 'เส้น', '', ''),
(49, 'เนื้อน้ำมันหอย', 4, 35, 'อื่นๆ', '', ''),
(50, 'ผัดซีอิ๊ว ', 4, 30, 'เส้น', '', ''),
(51, 'มาม่าผัดไข่', 4, 30, 'เส้น', '', ''),
(52, 'สุกี้ ', 4, 30, 'อื่นๆ', '', ''),
(53, 'หมูกรอบกระเทียม ', 4, 35, 'อื่นๆ', '', ''),
(54, 'เกี๊ยวทอด ', 5, 10, 'ของทอด', '', ''),
(55, 'ข้าวลาบไก่ทอด ', 5, 35, 'ข้าว', '', ''),
(56, 'ข้าวเหนียวไก่ทอด ', 5, 30, 'ข้าว', '', 'd968f109078b81a707d0637f12a7b1b7'),
(57, 'ข้าวเหนียวคอหมูย่าง ', 5, 30, 'ข้าว', '', ''),
(58, 'ต้มแซ่บหมู/ไก่ ', 5, 30, 'ต้ม', '', ''),
(59, 'ตับหวาน ', 5, 30, 'อื่นๆ', '', ''),
(60, 'น้ำตกหมู ', 5, 30, 'อื่นๆ', '', ''),
(61, 'มาม่าต้มแซบหมู ', 5, 30, 'เส้น', '', ''),
(62, 'มาม่าหมูน้ำตก ', 5, 30, 'เส้น', '', ''),
(63, 'ยำไก่ทอด ', 5, 30, 'อื่นๆ', '', ''),
(64, 'ยำปลาดุกฟู ', 5, 30, 'อื่นๆ', '', ''),
(65, 'ยำผักบุ้งไก่ทอด ', 5, 30, 'ข้าว', '', ''),
(66, 'ยำผักบุ้งทอดกรอบ ', 5, 30, 'อื่นๆ', '', ''),
(67, 'ยำรวมมิตร', 5, 35, 'อื่นๆ', '', ''),
(68, 'ยำหมูยอ', 5, 30, 'อื่นๆ', '', ''),
(69, 'ลาบไก่แซบ ', 5, 30, 'อื่นๆ', '', ''),
(70, 'ลาบปลาแซลม่อน', 5, 30, 'อื่นๆ', '', ''),
(71, 'ลาบปลาดอลลี่', 5, 35, 'อื่นๆ', '', ''),
(72, 'ลาบปลาทูน่า ', 5, 35, 'อื่นๆ', '', ''),
(73, 'ลาบปลาหมึก', 5, 30, 'อื่นๆ', '', ''),
(74, 'ลาบวุ้นเส้นหมูสับ ', 5, 30, 'อื่นๆ', '', ''),
(75, 'ลาบหมู/ไก่ ', 5, 30, 'อื่นๆ', '', ''),
(76, 'ส้มตำไฮโซ', 5, 30, 'อื่นๆ', '', ''),
(77, 'ข้าวกะเพราไข่ดาว ', 6, 30, 'ข้าว', '', ''),
(78, 'ข้าวไก่ทอด ', 6, 30, 'ข้าว', '', ''),
(79, 'ข้าวไก่ทอดเกลือ ', 6, 30, 'ข้าว', '', ''),
(80, 'ข้าวไก่ทอดซอสกระเพรา', 6, 35, 'ข้าว', '', ''),
(81, 'ข้าวไก่ทอดซอสชีส ', 6, 35, 'ข้าว', '', ''),
(82, 'ข้าวไก่ทอดซอสพิซซ่า ', 6, 35, 'ข้าว', '', ''),
(83, 'ข้าวไก่ทอดเทอริยากิ ', 6, 35, 'ข้าว', '', ''),
(84, 'ข้าวไก่ทอดน้ำแดง ', 6, 35, 'ข้าว', '', ''),
(85, 'ข้าวไก่เผ็ด ', 6, 35, 'ข้าว', '', ''),
(86, 'ข้าวไข่ระเบิด ', 6, 30, 'ข้าว', '', ''),
(87, 'ข้าวคลุกกระเพราไก่ทอด', 6, 35, 'ข้าว', '', ''),
(88, 'ข้าวผัดไก่ทอด ', 6, 35, 'ข้าว', '', ''),
(89, 'ข้าวยำไก่แซ่บ ', 6, 35, 'ข้าว', '', ''),
(90, 'ข้าวหมูเกาหลี ', 6, 35, 'ข้าว', '', ''),
(91, 'ข้าวหมูสันนอก ', 6, 30, 'ข้าว', '', ''),
(92, 'ข้าวห่อไก่ทอด ', 6, 35, 'ข้าว', '', ''),
(93, 'ข้าวห่อไข่กระเพรากรอบ ', 6, 30, 'ข้าว', '', ''),
(94, 'สปาเก็ตตี้/มักกะโรนี กระเพรากรอบ', 6, 35, 'เส้น', '', ''),
(95, 'สปาเก็ตตี้/มักกะโรนี คาโบนารา ', 6, 35, 'เส้น', '', ''),
(96, 'สปาเก็ตตี้/มักกะโรนี ซอสแดง ', 6, 35, 'เส้น', '', ''),
(97, 'ก๋วยเตี๋ยวน่องไก่', 7, 30, 'ข้าว', '', '7dde976ab2eb62d77fa409e94bd35c10'),
(98, 'ก๋วยเตี๋ยวหมูตุ๋น', 7, 30, 'เส้น', '', ''),
(99, 'ก๋วยเตี๋ยวหมูน้ำตก ', 7, 30, 'เส้น', '', ''),
(100, 'โจ๊ก', 7, 30, 'อื่นๆ', '', ''),
(101, 'โจ๊กใส่ไข่ ', 7, 35, 'อื่นๆ', '', ''),
(102, 'ต้มเลือดหมู ', 7, 35, 'ต้ม', '', ''),
(103, 'ข้าวราดแกง 1 อย่าง ', 8, 20, 'ข้าว', '', ''),
(104, 'ข้าวราดแกง 2 อย่าง ', 8, 25, 'ข้าว', '', ''),
(105, 'ข้าวราดแกง 3 อย่าง ', 8, 30, 'ข้าว', '', ''),
(106, 'อาหารตามสั่ง ', 8, 30, 'ข้าว', '', ''),
(107, 'ข้าว+ไก่ทอด ', 9, 25, 'ข้าว', '', ''),
(108, 'ข้าว+ไก่ต้ม', 9, 25, 'ข้าว', '', ''),
(109, 'ข้าว+ไก่ผสม ', 9, 35, 'ข้าว', '', ''),
(110, 'ข้าว+หมูอบ', 9, 35, 'ข้าว', '', ''),
(111, 'วอฟเฟิล-ธรรมดา ', 10, 12, 'ของหวาน', '', ''),
(112, 'วอฟเฟิล-นูเทลล่า ', 10, 17, 'ของหวาน', '', ''),
(113, 'วอฟเฟิล-นูเทลล่า+กล้วย ', 10, 20, 'ของหวาน', '', ''),
(114, 'วอฟเฟิล-นูเทลล่า+เนยถั่ว ', 10, 20, 'ของหวาน', '', ''),
(115, 'วอฟเฟิล-นูเทลล่า+ฝอยทอง ', 10, 20, 'ของหวาน', '', ''),
(116, 'วอฟเฟิล-เนยถั่ว ', 10, 17, 'ของหวาน', '', ''),
(117, 'วอฟเฟิล-ราดช๊อคโกแลต ', 10, 15, 'ของหวาน', '', ''),
(118, 'วอฟเฟิล-ราดช๊อคโกแลต+กล้วย ', 10, 18, 'ของหวาน', '', ''),
(119, 'วอฟเฟิล-ราดช๊อคโกแลต+ฝอยทอง ', 10, 18, 'ของหวาน', '', ''),
(120, 'วอฟเฟิล-ไส้กรอก ', 10, 15, 'ของหวาน', '', ''),
(121, 'วอฟเฟิล-ไส้ข้าวโพด ', 10, 15, 'ของหวาน', '', ''),
(122, 'วอฟเฟิล-ไส้บลูเบอรี่ ', 10, 15, 'ของหวาน', '', ''),
(123, 'วอฟเฟิล-ไส้ฝอยทอง ', 10, 15, 'ของหวาน', '', ''),
(124, 'วอฟเฟิล-ไส้ฝอยทองลูกเกด ', 10, 20, 'ของหวาน', '', ''),
(125, 'วอฟเฟิล-ไส้แยมกล้วยหอม ', 10, 15, 'ของหวาน', '', ''),
(126, 'วอฟเฟิล-ไส้แยมส้ม ', 10, 15, 'ของหวาน', '', ''),
(127, 'วอฟเฟิล-ไส้แยมสับปะรส', 10, 15, 'ของหวาน', '', ''),
(128, 'วอฟเฟิล-ไส้ลูกเกด ', 10, 15, 'ของหวาน', '', ''),
(129, 'วอฟเฟิล-ไส้วนิลา ', 10, 15, 'ของหวาน', '', ''),
(130, 'วอฟเฟิล-ไส้สตรอเบอรี่', 10, 15, 'ของหวาน', '', ''),
(131, 'วอฟเฟิล-ไส้สังขยาใบเตย', 10, 15, 'ของหวาน', '', ''),
(132, 'วอฟเฟิล-ไส้หมูหยอง', 10, 15, 'ของหวาน', '', ''),
(133, 'วอฟเฟิล-ไส้หมูหยองพริกเผา ', 10, 18, 'ของหวาน', '', ''),
(134, 'วอฟเฟิล-ไส้แฮม ', 10, 17, 'ของหวาน', '', ''),
(135, 'วอฟเฟิล-ไส้แฮมชีส ', 10, 22, 'ของหวาน', '', ''),
(136, 'ก็อตฟาเธอร์เนื้อ ', 11, 100, 'เสต็ก', '', ''),
(137, 'ก็อตฟาเธอร์หมู ', 11, 10, 'เสต็ก', '', ''),
(138, 'ไก่กระดองเบอ', 11, 80, 'เสต็ก', '', ''),
(139, 'ไก่อลาสก้า', 11, 70, 'เสต็ก', '', ''),
(140, 'ข้าวไก่คาราเกะ ', 11, 40, 'ข้าว', '', ''),
(141, 'ข้าวไก่ทอด ', 11, 40, 'ข้าว', '', ''),
(142, 'ข้าวไก่เทอริยากิ ', 11, 45, 'ข้าว', '', ''),
(143, 'ข้าวไก่สไปร์ซี่ ', 11, 45, 'ข้าว', '', ''),
(144, 'ข้าวเบค่อนสเต็ก ', 11, 50, 'ข้าว', '', ''),
(145, 'ข้าวผัดเม็กซิกัน ', 11, 45, 'ข้าว', '', ''),
(146, 'ข้าวผัดไส้กรอกทอด ', 11, 30, 'ข้าว', '', ''),
(147, 'ข้าวผัดอเมริกัน', 11, 45, 'ข้าว', '', ''),
(148, 'ข้าวสเต็กหมู ', 11, 55, 'ข้าว', '', ''),
(149, 'ข้าวหมูทอด ', 11, 40, 'ข้าว', '', ''),
(150, 'เนื้อพริกไทยดำ ', 11, 100, 'เสต็ก', '', ''),
(151, 'เบค่อนสเต็ก ', 11, 70, 'เสต็ก', '', ''),
(152, 'ปลาเซลมอล ', 11, 120, 'เสต็ก', '', ''),
(153, 'ปลาอลาสก้า ', 11, 80, 'เสต็ก', '', ''),
(154, 'พ๊อคกระดองเบอ ', 11, 80, 'เสต็ก', '', ''),
(155, 'เฟรนซ์ฟรายส์ ', 11, 40, 'ของทอด', '', ''),
(156, 'สเต็กไก่ทอด ', 11, 55, 'เสต็ก', '', ''),
(157, 'สเต็กไก่ย่าง ', 11, 60, 'เสต็ก', '', ''),
(158, 'สเต็กไก่สไปร์ซี่ทอด ', 11, 55, 'เสต็ก', '', ''),
(159, 'สเต็กไก่สไปร์ซี่ย่าง ', 11, 60, 'เสต็ก', '', ''),
(160, 'สเต็กปลาทอด ', 11, 70, 'เสต็ก', '', ''),
(161, 'สเต็กปลาย่าง ', 11, 70, 'เสต็ก', '', ''),
(162, 'สเต็กวิศว', 11, 80, 'เสต็ก', '', ''),
(163, 'สเต็กหมูทอด', 11, 60, 'เสต็ก', '', ''),
(164, 'สเต็กหมูพริกไทยดำ ', 11, 60, 'เสต็ก', '', ''),
(165, 'สเต็กหมูสันนอก ', 11, 60, 'เสต็ก', '', ''),
(166, 'สเต็กแฮมคาเนเดียน ', 11, 75, 'เสต็ก', '', ''),
(167, 'สปาเก็ตตี้ซอสหมู', 11, 40, 'เส้น', '', ''),
(168, 'อเมริกันสปา', 11, 50, 'เสต็ก', '', ''),
(169, 'แฮมชุบแป้งทอด', 11, 80, 'เสต็ก', '', ''),
(170, 'ห่อหมกฮวกเอาไปฝากป้า', 4, 999, 'อื่นๆ', 'อร่อยจนลืมเก็บเงิน', ''),
(173, 'น้ำใบกระท่อม', 1, 100, 'เครื่องดื่ม', 'สู้แดด ', '');

-- --------------------------------------------------------

--
-- Table structure for table `news`
--

CREATE TABLE `news` (
  `news_id` int(11) NOT NULL,
  `news_headline` varchar(50) NOT NULL,
  `news_content` varchar(10000) NOT NULL,
  `news_picture` varchar(40) NOT NULL,
  `news_timestamp` timestamp NOT NULL DEFAULT current_timestamp()
) ENGINE=InnoDB DEFAULT CHARSET=utf8;

--
-- Dumping data for table `news`
--

INSERT INTO `news` (`news_id`, `news_headline`, `news_content`, `news_picture`, `news_timestamp`) VALUES
(1, 'ต่อแถวให้เป็นระเบียบกันเถอะ!', 'ร่วมต่อแถวให้เป็นระเบียบ ลดความวุ่นวายใน i-canteen', '69283e3ccb04cf1251a10d0779130794', '2021-11-07 21:11:14'),
(2, 'แยกขยะถูกที่ ทิ้งให้ลงถัง', 'ช่วยกันรีไซเคิลขยะ ลดโลกร้อน', '92c4cda8117406ff53a7591371911eba', '2021-11-07 21:13:35'),
(3, 'น้ำมันทอดซ้ำ อันตรายอย่างไร', 'รู้จักกับภัยเงียบของน้ำมันทอดใช้ซ้ำ', '11701f849803864779f765ed130351d4', '2021-11-07 21:13:35'),
(4, ' ตรวจสอบความปลอดภัยอาหาร', 'คณะอาจารย์ได้เข้ามาตรวจสอบความปลอดภัยของอาหารใน i-canteen ประจำปี', '2934332ae41562988b7a489b8b31fe8b', '2021-11-07 21:14:41'),
(5, 'ร่วมแสดงความคิดเห็นเกี่ยวกับความต้องการในด้านอาหาร', ' ❓เคยไหม ????เดินเข้าโรงอาหารแล้วไม่รู้จะทานอะไร ????ร้านอาหารมีแต่อาหารประเภทเดิม ๆ ร้าน ????อาหารไม่ตอบโจทย์อาหารที่เราทาน ????และอื่น ๆ อีกมากมาย\r\n.\r\n???? ในปัจจุบันร้านอาหารของโรงอาหารส่วนกลางที่อยู่ภายใต้ความดูแลของมหาวิทยาลัย ซึ่งมี 7 แห่ง (51 ร้าน) ดังนี้ ????\r\n1.โรงอาหารรวมสำนักงานมหาวิทยาลัย มี 5 ร้าน\r\n2.โรงอาหารรวมอาคารที่ติดกับอาคารมหาจักรีสิรินธร มี 10 ร้าน\r\n3.โรงอาหารรวมอาคารจุลจักรพงษ์ มี 6 ร้าน\r\n4.โรงอาหารรวมอาคารพินิตประชานาถ มี 8 ร้าน\r\n5.โรงอาหารรวมมอาคารจุฬาพัฒน์ 14 มี 6 ร้าน\r\n6.โรงอาหารรวมอาคารมหิตลาธิเบศร มี 8 ร้าน\r\n7.โรงอาหารรวมอาคารจอดรถ 3 มี 8 ร้าน\r\n????โดยเมนูอาหารเพื่อสุขภาพจะเป็นในลักษณะให้แต่ละร้านคิดขึ้นมาเอง โดยกำหนดให้ในทุกร้านจะต้องมีเมนูอาหารเพื่อสุขภาพไม่น้อยกว่า 2 เมนู\r\n✅ และในส่วนของร้านอาหารฮาลาลจะมีแยกออกมา โดยมีจำนวนทั้งหมด 4 ร้าน\r\n.\r\n???? จากการที่พวกเราได้พูดคุยกับเพื่อนนิสิตบางส่วนในเบื้องต้นพบว่า เมนูอาหารของร้านอาหารในโรงอาหารจุฬาฯ ยังไม่ตอบโจทย์ความต้องการไม่ว่าจะเป็นในด้านความหลากหลายหรือข้อจำกัดในด้านการบริโภค เช่น อาหารฮาลาล อาหารวีแกน อาหารมังสวิรัติ จึงทำให้ไม่ได้รับความสะดวกสบายเท่าที่ควร\r\n.\r\n???? ฝ่ายสวัสดิการนิสิต อบจ. Student Welfare SGCU จึงอยากขอเชิญชวนเพื่อน ๆ นิสิตมาร่วมแสดงความคิดเห็นเกี่ยวกับความต้องการในด้านอาหารเพิ่มเติม เช่น อาหารฮาลาล อาหารทางเลือกเพื่อสุขภาพต่าง ๆ อันจะนำไปสู่การพัฒนาอาหารที่ขายภายในโรงอาหารของจุฬาฯ ให้มีความหลากหลายและครอบคลุมต่อนิสิตทุกกลุ่มมากยิ่งขึ้น\r\n\r\nhttps://forms.gle/NCEs8Ggx8VYJ9oSE8 ', 'c2096327035598ae58b9620ec827047c', '2021-11-20 12:40:38'),
(6, 'ผีแดงวิกฤต', 'แมนเชสเตอร์ยูไนเน็ตวิกฤต โดนวัตฟอร์ตนำตั้งแต่ครึ่งแรก 2-0 ฟานเดอเบคหายตูดด้าน ได้ลงเล่น', 'b0a9416af825fdd61509b5b4a8567ced', '2021-11-20 16:00:40'),
(7, 'ผีแดงตีไข่แตก ลุ้นเสมอรังแตน', 'หลังถูกนำ 2-0 ในครึ่งแรก ผีแดงกลับมาตีไข่แตกในนาทีที่ 50 จากฟาน เดอ เบค ', '5cfc80db1d219f57546db12665a25467', '2021-11-20 16:03:37'),
(10, 'นิสิตเครียด', 'ไฟนอลยังไม่อ่าน การบ้านยังไม่ทำ ผลสำรวจพบว่านิสิตกว่า 99% มีปัญหาการเรียน วอนอาจารย์ออกข้อสอบง่ายๆ', '2d7b0fd0ef8aec337f8924d6f0b6b127', '2021-11-20 16:08:49'),
(11, 'โซลชาลาผี', ' ', '0b91653804f8d72de7ec00dbaac535f9', '2021-11-22 09:08:30');

-- --------------------------------------------------------

--
-- Table structure for table `orderhistory`
--

CREATE TABLE `orderhistory` (
  `order_id` int(11) NOT NULL,
  `menu_id` int(11) NOT NULL,
  `user_id` int(11) NOT NULL,
  `order_amount` int(11) NOT NULL,
  `order_timestamp` timestamp NOT NULL DEFAULT current_timestamp(),
  `order_status` varchar(20) NOT NULL,
  `finish_timestamp` timestamp NULL DEFAULT NULL,
  `time_diff` int(11) DEFAULT NULL,
  `note` varchar(50) NOT NULL
) ENGINE=InnoDB DEFAULT CHARSET=utf8;

--
-- Dumping data for table `orderhistory`
--

INSERT INTO `orderhistory` (`order_id`, `menu_id`, `user_id`, `order_amount`, `order_timestamp`, `order_status`, `finish_timestamp`, `time_diff`, `note`) VALUES
(1, 2, 2, 1, '2021-11-04 11:58:29', 'อาหารเสร็จแล้ว', '2021-11-04 12:08:10', 9, ''),
(2, 18, 2, 1, '2021-11-04 18:14:38', 'ถูกยกเลิก', NULL, NULL, ''),
(3, 15, 2, 1, '2021-11-05 02:45:38', 'ถูกยกเลิก', NULL, NULL, ''),
(4, 1, 2, 1, '2021-11-05 03:09:18', 'อาหารเสร็จแล้ว', '2021-11-05 03:19:19', 10, ''),
(5, 16, 2, 1, '2021-11-06 12:17:40', 'กำลังเตรียมอาหาร', NULL, NULL, ''),
(6, 22, 2, 1, '2021-11-07 20:38:16', 'อาหารเสร็จแล้ว', '2021-11-07 20:39:07', 0, ''),
(7, 24, 2, 1, '2021-11-07 20:39:34', 'อาหารเสร็จแล้ว', '2021-11-07 20:46:56', 7, ''),
(8, 24, 1, 1, '2021-11-08 13:43:25', 'ถูกยกเลิก', NULL, NULL, ''),
(9, 6, 2, 1, '2021-11-09 19:27:05', 'อาหารเสร็จแล้ว', '2021-11-09 19:37:24', 10, ''),
(10, 18, 2, 1, '2021-11-09 19:37:43', 'อาหารเสร็จแล้ว', '2021-11-09 19:39:21', 1, ''),
(11, 24, 14, 1, '2021-11-16 10:52:50', 'ถูกยกเลิก', NULL, NULL, ''),
(12, 28, 14, 1, '2021-11-16 10:52:58', 'ถูกยกเลิก', NULL, NULL, ''),
(13, 24, 15, 1, '2021-11-16 13:33:51', 'กำลังเตรียมอาหาร', NULL, NULL, ''),
(14, 2, 15, 1, '2021-11-16 13:34:16', 'อาหารเสร็จแล้ว', '2021-11-16 13:44:17', 10, ''),
(15, 3, 2, 1, '2021-11-16 15:11:50', 'อาหารเสร็จแล้ว', '2021-11-16 15:14:31', 2, ''),
(16, 24, 2, 1, '2021-11-16 16:23:34', 'ถูกยกเลิก', NULL, NULL, ''),
(17, 1, 2, 1, '2021-11-16 16:29:10', 'ถูกยกเลิก', NULL, NULL, ''),
(18, 24, 3, 1, '2021-11-16 16:54:53', 'ถูกยกเลิก', NULL, NULL, ''),
(19, 2, 17, 1, '2021-11-17 11:54:41', 'อาหารเสร็จแล้ว', '2021-11-17 11:59:49', 5, ''),
(20, 24, 18, 1, '2021-11-18 07:59:45', 'ถูกยกเลิก', NULL, NULL, ''),
(21, 20, 18, 1, '2021-11-18 08:00:03', 'กำลังเตรียมอาหาร', NULL, NULL, ''),
(22, 1, 18, 1, '2021-11-18 08:00:16', 'ถูกยกเลิก', NULL, NULL, ''),
(23, 1, 2, 1, '2021-11-18 14:29:51', 'อาหารเสร็จแล้ว', '2021-11-18 14:35:14', 5, ''),
(24, 17, 2, 1, '2021-11-20 13:47:47', 'ถูกยกเลิก', NULL, NULL, ''),
(25, 15, 2, 1, '2021-11-20 13:48:31', 'ถูกยกเลิก', NULL, NULL, ''),
(26, 20, 2, 1, '2021-11-20 13:51:25', 'ถูกยกเลิก', NULL, NULL, ''),
(27, 20, 2, 1, '2021-11-20 13:54:57', 'ถูกยกเลิก', NULL, NULL, ''),
(28, 22, 2, 1, '2021-11-20 15:31:51', 'อาหารเสร็จแล้ว', '2021-11-20 15:49:57', 18, ''),
(29, 24, 19, 1, '2021-11-20 15:44:15', 'ถูกยกเลิก', NULL, NULL, ''),
(30, 1, 19, 1, '2021-11-20 15:44:22', 'อาหารเสร็จแล้ว', '2021-11-20 15:45:02', 0, ''),
(31, 2, 19, 1, '2021-11-20 15:44:28', 'อาหารเสร็จแล้ว', '2021-11-20 15:45:04', 0, ''),
(32, 4, 19, 1, '2021-11-20 15:46:15', 'อาหารเสร็จแล้ว', '2021-11-20 15:49:12', 2, ''),
(33, 24, 20, 1, '2021-11-20 16:28:25', 'ถูกยกเลิก', NULL, NULL, ''),
(34, 24, 20, 1, '2021-11-20 16:28:29', 'ถูกยกเลิก', NULL, NULL, ''),
(35, 24, 20, 1, '2021-11-20 17:54:20', 'ถูกยกเลิก', NULL, NULL, ''),
(36, 19, 2, 1, '2021-11-20 18:06:17', 'กำลังเตรียมอาหาร', NULL, NULL, ''),
(37, 2, 20, 1, '2021-11-20 18:20:02', 'อาหารเสร็จแล้ว', '2021-11-20 18:35:56', 15, ''),
(38, 5, 19, 1, '2021-11-22 08:58:26', 'อาหารเสร็จแล้ว', '2021-11-22 08:59:11', 0, ''),
(39, 2, 2, 1, '2021-11-23 09:12:15', 'ถูกยกเลิก', NULL, NULL, ''),
(40, 6, 2, 1, '2021-11-23 09:17:50', 'ถูกยกเลิก', NULL, NULL, ''),
(41, 14, 2, 4, '2021-11-23 09:20:04', 'ถูกยกเลิก', NULL, NULL, ''),
(42, 3, 2, 10, '2021-11-23 09:56:27', 'อาหารเสร็จแล้ว', '2021-11-23 09:57:04', 0, ''),
(43, 1, 2, 5, '2021-11-23 10:16:16', 'อาหารเสร็จแล้ว', '2021-11-23 10:22:27', 6, ''),
(44, 20, 2, 1, '2021-11-23 10:21:26', 'อาหารเสร็จแล้ว', '2021-11-23 10:21:52', 0, ''),
(45, 17, 2, 10, '2021-11-23 10:42:06', 'อาหารเสร็จแล้ว', '2021-11-23 10:42:47', 0, ''),
(46, 19, 2, 1, '2021-11-23 10:57:58', 'อาหารเสร็จแล้ว', '2021-11-23 11:03:43', 5, ''),
(47, 3, 2, -14, '2021-11-23 12:54:35', 'ถูกยกเลิก', NULL, NULL, ''),
(48, 2, 2, 1, '2021-11-23 12:58:43', 'ถูกยกเลิก', NULL, NULL, ''),
(49, 1, 2, 1, '2021-11-24 04:05:28', 'ถูกยกเลิก', NULL, NULL, ''),
(50, 1, 2, 1, '2021-11-24 04:13:19', 'ถูกยกเลิก', NULL, NULL, ''),
(51, 2, 2, 5, '2021-11-24 10:15:32', 'ถูกยกเลิก', NULL, NULL, ''),
(52, 5, 2, 10, '2021-11-24 10:16:14', 'ถูกยกเลิก', NULL, NULL, ''),
(53, 4, 2, 1, '2021-11-24 11:48:09', 'อาหารเสร็จแล้ว', '2021-11-24 11:52:50', 4, ''),
(54, 5, 2, 2, '2021-11-24 11:49:53', 'ถูกยกเลิก', NULL, NULL, ''),
(55, 20, 25, 2, '2021-11-26 01:31:53', 'อาหารเสร็จแล้ว', '2021-11-26 01:39:36', 7, ''),
(56, 3, 26, 5, '2021-11-26 02:14:36', 'อาหารเสร็จแล้ว', '2021-11-26 02:16:45', 2, ''),
(57, 17, 2, 10, '2021-12-10 13:50:08', 'อาหารเสร็จแล้ว', '2021-12-10 13:52:20', 2, ''),
(58, 20, 2, 9, '2021-12-10 14:03:32', 'อาหารเสร็จแล้ว', '2021-12-10 14:15:22', 11, ''),
(59, 15, 2, 7, '2021-12-10 14:03:57', 'อาหารเสร็จแล้ว', '2021-12-10 14:15:19', 11, ''),
(60, 56, 2, 6, '2021-12-10 14:04:05', 'อาหารเสร็จแล้ว', '2021-12-10 14:15:04', 10, ''),
(61, 24, 2, 8, '2021-12-10 14:04:20', 'อาหารเสร็จแล้ว', '2021-12-10 14:15:16', 10, ''),
(62, 3, 2, 3, '2021-12-11 12:36:23', 'อาหารเสร็จแล้ว', '2021-12-11 12:40:39', 4, ''),
(63, 3, 2, 1, '2021-12-11 12:42:22', 'อาหารเสร็จแล้ว', '2021-12-11 12:42:42', 0, ''),
(64, 4, 2, 1, '2021-12-10 20:35:16', 'อาหารเสร็จแล้ว', '2021-12-10 20:37:38', 2, ''),
(65, 15, 2, 1, '2021-12-11 20:39:43', 'อาหารเสร็จแล้ว', '2021-12-11 20:41:35', 1, ''),
(66, 15, 2, 2, '2021-12-11 20:43:39', 'อาหารเสร็จแล้ว', '2021-12-11 20:45:52', 2, ''),
(67, 8, 2, 1, '2021-12-11 20:52:54', 'อาหารเสร็จแล้ว', '2021-12-11 20:53:21', 0, ''),
(68, 15, 2, 1, '2021-12-12 01:50:06', 'อาหารเสร็จแล้ว', '2021-12-12 01:54:05', 3, 'ไม่ใส่ไข่'),
(69, 7, 2, 1, '2021-12-12 01:58:25', 'อาหารเสร็จแล้ว', '2021-12-12 02:00:55', 2, 'ไม่เอาไข่มุก'),
(70, 2, 2, 1, '2021-12-12 06:13:10', 'อาหารเสร็จแล้ว', '2021-12-12 06:13:37', 0, 'ไม่ใส่น้ำแข็ง'),
(71, 2, 2, 1, '2021-12-12 06:16:38', 'ถูกยกเลิก', NULL, NULL, ''),
(72, 1, 19, 1, '2021-12-12 08:34:25', 'อาหารเสร็จแล้ว', '2021-12-12 08:46:51', 12, 'น้ำแข็งน้อยๆ'),
(73, 2, 19, 1, '2021-12-12 08:39:29', 'ถูกยกเลิก', NULL, NULL, 'น้ำแข็งน้อย'),
(74, 5, 19, 1, '2021-12-12 08:41:23', 'ถูกยกเลิก', NULL, NULL, '');

-- --------------------------------------------------------

--
-- Table structure for table `report`
--

CREATE TABLE `report` (
  `report_id` int(11) NOT NULL,
  `user_id` int(11) NOT NULL,
  `report_type` varchar(50) NOT NULL,
  `report_title` varchar(100) NOT NULL,
  `report_detail` varchar(300) NOT NULL,
  `report_timestamp` timestamp NOT NULL DEFAULT current_timestamp(),
  `report_status` varchar(50) NOT NULL
) ENGINE=InnoDB DEFAULT CHARSET=utf8;

--
-- Dumping data for table `report`
--

INSERT INTO `report` (`report_id`, `user_id`, `report_type`, `report_title`, `report_detail`, `report_timestamp`, `report_status`) VALUES
(1, 2, 'Food', 'ไม่ได้รับอาหาร', 'ยังไม่ได้รับอาหารจากร้าน 1', '2021-10-28 10:45:02', 'แก้ไขแล้ว'),
(2, 2, 'Service', 'ช้อนส้อมหมด', 'ช้อนส้อมหมด ไม่มีมาเติม ทานอาหารไม่ได้', '2021-11-04 22:35:38', 'แก้ไขแล้ว'),
(3, 2, 'Food', 'อาหารไม่ครบ', 'อาหารไม่ครบหลังจากสั่งจากร้าน 1', '2021-11-20 12:14:11', 'แก้ไขแล้ว'),
(4, 1, 'Food', 'erewrewre', 'sadsdadad', '2021-11-20 12:22:39', 'ยังไม่แก้ไข'),
(5, 25, 'Payment', 'testreport99', 'dfsfdsf', '2021-11-26 01:32:38', 'ยังไม่แก้ไข'),
(6, 26, 'Service', 'test01', 'dfsdsffsd', '2021-11-26 02:15:13', 'แก้ไขแล้ว'),
(7, 19, 'Service', 'ช้อนส้อมหมด', 'ไม่มีการเติม ช้อนส้อมใหม่ ', '2021-12-12 08:40:43', 'แก้ไขแล้ว');

-- --------------------------------------------------------

--
-- Table structure for table `restaurant`
--

CREATE TABLE `restaurant` (
  `restaurant_id` int(11) NOT NULL,
  `restaurant_name` varchar(63) NOT NULL,
  `owner_id` int(11) NOT NULL
) ENGINE=InnoDB DEFAULT CHARSET=utf8;

--
-- Dumping data for table `restaurant`
--

INSERT INTO `restaurant` (`restaurant_id`, `restaurant_name`, `owner_id`) VALUES
(1, 'สุชาดา น้ำผลไม้', 3),
(2, 'ส้ม อาหารชุด', 4),
(3, 'รุจิศรี เส้นเล็กต้มยำ', 5),
(4, 'อรวรรณ', 6),
(5, 'ข้าวเหนียวอักษร สาขา2', 7),
(6, 'รัตน์ จานด่วน', 8),
(7, 'ลุงเหนอ ก๋วยเตี๋ยวทรงเครื่อง', 9),
(8, 'ข้าวราดแกงป้าหลง', 10),
(9, 'ข้าว-มัน-ไก่ น้ากวาง', 11),
(10, 'ขนมหวานเย็น', 12),
(11, 'ทูเดย์สเต็ก', 13),
(13, '89บาททุกอย่าง', 24),
(14, 'ไส้กรอกภาคิน', 27);

-- --------------------------------------------------------

--
-- Table structure for table `user`
--

CREATE TABLE `user` (
  `user_id` int(11) NOT NULL,
  `user_email` varchar(50) NOT NULL,
  `user_name` varchar(50) NOT NULL,
  `user_password` varchar(40) NOT NULL,
  `user_balance` int(11) NOT NULL,
  `user_role` varchar(10) NOT NULL
) ENGINE=InnoDB DEFAULT CHARSET=utf8;

--
-- Dumping data for table `user`
--

INSERT INTO `user` (`user_id`, `user_email`, `user_name`, `user_password`, `user_balance`, `user_role`) VALUES
(1, 'adminicanteen@gmail.com', 'admin01', 'e8ce236b499273a44e8aaed8e915e83b', 1000034, 'admin'),
(2, 'testmember@gmail.com', 'testmember', '81dc9bdb52d04dc20036dbd8313ed055', 191, 'member'),
(3, 'vendor01@gmail.com', 'vendor01', '81dc9bdb52d04dc20036dbd8313ed055', 0, 'vendor'),
(4, 'vendor02@gmail.com', 'vendor02', '81dc9bdb52d04dc20036dbd8313ed055', 1280, 'vendor'),
(5, 'vendor03@gmail.com', 'vendor03', '81dc9bdb52d04dc20036dbd8313ed055', 0, 'vendor'),
(6, 'vendor04@gmail.com', 'vendor04', '81dc9bdb52d04dc20036dbd8313ed055', 0, 'vendor'),
(7, 'vendor05@gmail.com', 'vendor05', '81dc9bdb52d04dc20036dbd8313ed055', 180, 'vendor'),
(8, 'vendor06@gmail.com', 'vendor06', '81dc9bdb52d04dc20036dbd8313ed055', 0, 'vendor'),
(9, 'vendor07@gmail.com', 'vendor07', '81dc9bdb52d04dc20036dbd8313ed055', 0, 'vendor'),
(10, 'vendor08@gmail.com', 'vendor08', '81dc9bdb52d04dc20036dbd8313ed055', 0, 'vendor'),
(11, 'vendor09@gmail.com', 'vendor09', '81dc9bdb52d04dc20036dbd8313ed055', 0, 'vendor'),
(12, 'vendor10@gmail.com', 'vendor10', '81dc9bdb52d04dc20036dbd8313ed055', 0, 'vendor'),
(13, 'vendor11@gmail.com', 'vendor11', '81dc9bdb52d04dc20036dbd8313ed055', 0, 'vendor'),
(14, 'rootsbkk@gmail.com', 'root', '81dc9bdb52d04dc20036dbd8313ed055', 2147483647, 'member'),
(15, 'paopaopao@gmail.com', 'paopaopao', '2aca1e9fb99f81c83d62d6a1dc06b7c6', 100, 'member'),
(16, 'udfhsfudh@gmail.com', 'HamThiti', '621e9d07684faf21c8a4a5ce0ce041e3', 0, 'member'),
(17, 'ggg', 'testmember02', '81dc9bdb52d04dc20036dbd8313ed055', 0, 'member'),
(18, 'xbraver@eiei.com', 'xbraverz', '81dc9bdb52d04dc20036dbd8313ed055', 100035, 'member'),
(19, 'D', 'O', 'e1671797c52e15f763380b45e841ec32', 1000017, 'member'),
(20, '1', '2', 'eccbc87e4b5ce2fe28308fd9f2a7baf3', 2147483647, 'member'),
(21, 'dfs', 'dfssdf', '93375cf525b71f2ef03cb14dd0185137', 0, 'member'),
(22, 'dwadwa@dssgd.gfh', 'dawwd', '81dc9bdb52d04dc20036dbd8313ed055', 0, 'member'),
(23, 'vendor88@dssgd.gfh', 'vendor88', '81dc9bdb52d04dc20036dbd8313ed055', 0, 'vendor'),
(24, 'vendor89@dssgd.gfh', 'vendor89', '81dc9bdb52d04dc20036dbd8313ed055', 0, 'vendor'),
(25, 'sdadsad@dsfds.fds', 'test99', '81dc9bdb52d04dc20036dbd8313ed055', 940, 'member'),
(26, 'test01@ggg.cc', 'test01', '81dc9bdb52d04dc20036dbd8313ed055', 900, 'member'),
(27, 'parkin@hotmail.com', 'Vendor14', 'd8578edf8458ce06fbc5bb76a58c5ca4', 0, 'vendor');

--
-- Indexes for dumped tables
--

--
-- Indexes for table `menu`
--
ALTER TABLE `menu`
  ADD PRIMARY KEY (`menu_id`);

--
-- Indexes for table `news`
--
ALTER TABLE `news`
  ADD PRIMARY KEY (`news_id`);

--
-- Indexes for table `orderhistory`
--
ALTER TABLE `orderhistory`
  ADD PRIMARY KEY (`order_id`);

--
-- Indexes for table `report`
--
ALTER TABLE `report`
  ADD PRIMARY KEY (`report_id`);

--
-- Indexes for table `restaurant`
--
ALTER TABLE `restaurant`
  ADD PRIMARY KEY (`restaurant_id`);

--
-- Indexes for table `user`
--
ALTER TABLE `user`
  ADD PRIMARY KEY (`user_id`);

--
-- AUTO_INCREMENT for dumped tables
--

--
-- AUTO_INCREMENT for table `menu`
--
ALTER TABLE `menu`
  MODIFY `menu_id` int(11) NOT NULL AUTO_INCREMENT, AUTO_INCREMENT=179;

--
-- AUTO_INCREMENT for table `news`
--
ALTER TABLE `news`
  MODIFY `news_id` int(11) NOT NULL AUTO_INCREMENT, AUTO_INCREMENT=13;

--
-- AUTO_INCREMENT for table `orderhistory`
--
ALTER TABLE `orderhistory`
  MODIFY `order_id` int(11) NOT NULL AUTO_INCREMENT, AUTO_INCREMENT=75;

--
-- AUTO_INCREMENT for table `report`
--
ALTER TABLE `report`
  MODIFY `report_id` int(11) NOT NULL AUTO_INCREMENT, AUTO_INCREMENT=8;

--
-- AUTO_INCREMENT for table `restaurant`
--
ALTER TABLE `restaurant`
  MODIFY `restaurant_id` int(11) NOT NULL AUTO_INCREMENT, AUTO_INCREMENT=15;

--
-- AUTO_INCREMENT for table `user`
--
ALTER TABLE `user`
  MODIFY `user_id` int(11) NOT NULL AUTO_INCREMENT, AUTO_INCREMENT=28;
COMMIT;

/*!40101 SET CHARACTER_SET_CLIENT=@OLD_CHARACTER_SET_CLIENT */;
/*!40101 SET CHARACTER_SET_RESULTS=@OLD_CHARACTER_SET_RESULTS */;
/*!40101 SET COLLATION_CONNECTION=@OLD_COLLATION_CONNECTION */;
